DateTime,Entries,UniqueIPs
1580217869,10,10
1580221715,9,9
1580223842,10,10
1580231564,11,11
1580237300,10,10
1580239234,10,10
1580241136,11,11
1580249120,12,12
1580254816,11,11
1580256741,10,10
1580262493,9,9
1580281938,8,8
1580287718,7,7
1580291532,6,6
1580295385,7,7
1580304993,8,8
1580308816,7,7
1580310754,8,8
1580314578,9,9
1580318415,9,9
1580324172,8,8
1580326091,8,8
1580334752,7,7
1580336682,8,8
1580352260,9,9
1580354179,10,10
1580359932,11,11
1580363773,12,12
1580371704,13,13
1580373615,14,14
1580381311,15,15
1580383220,14,14
1580385141,15,15
1580390913,14,14
1580396784,13,13
1580398604,12,12
1580400519,12,12
1580404364,11,11
1580412026,10,10
1580413931,12,12
1580417784,13,13
1580421858,13,13
1580429538,14,14
1580435296,16,16
1580439135,14,14
1580444897,13,13
1580448999,12,12
1580458580,11,11
1580460764,10,10
1580462655,11,11
1580464589,12,12
1580466499,11,11
1580472521,10,10
1580480178,13,13
1580487889,13,13
1580491832,14,14
1580493997,15,15
1580497966,16,16
1580499880,15,15
1580503697,14,14
1580505631,15,15
1580507565,14,14
1580509475,16,16
1580511386,17,17
1580516424,16,16
1580520252,15,15
1580522184,14,14
1580524088,15,15
1580526058,16,16
1580527949,18,18
1580549131,17,17
1580550987,16,16
1580561062,17,17
1580567083,14,14
1580568995,15,15
1580570897,16,16
1580574978,15,15
1580578828,14,14
1580580883,14,14
1580584861,16,16
1580586751,16,16
1580592530,16,16
1580594706,16,16
1580596592,15,15
1580598503,14,14
1580608111,15,15
1580610019,14,14
1580611932,14,14
1580613868,12,12
1580625617,13,13
1580639065,14,14
1580646743,14,14
1580648665,15,15
1580654416,15,15
1580658256,14,14
1580662346,15,15
1580668364,14,14
1580670312,13,13
1580672180,10,10
1580677946,11,11
1580679880,10,10
1580682023,9,9
1580691875,10,10
1580693785,9,9
1580697614,8,8
1580711100,7,7
1580718997,8,8
1580724756,8,8
1580734351,6,6
1580736275,8,8
1580742273,7,7
1580746116,9,9
1580748020,8,8
1580749965,9,9
1580755735,10,10
1580765308,9,9
1580769394,10,10
1580773218,12,12
1580778984,11,11
1580784843,12,12
1580806005,11,11
1580811644,10,10
1580815467,11,11
1580817982,12,12
1580823628,10,10
1580829413,11,11
1580831323,10,10
1580833273,9,9
1580837167,8,8
1580843145,9,9
1580845002,11,11
1580849058,12,12
1580854829,11,11
1580858663,11,11
1580860590,11,11
1580862560,12,12
1580870419,11,11
1580872351,12,12
1580897540,13,13
1580899485,14,14
1580901379,13,13
1580905214,12,12
1580916750,11,11
1580922394,12,12
1580929835,10,10
1580931871,9,9
1580935945,8,8
1580944016,8,8
1580946020,8,8
1580949858,8,8
1580955609,9,9
1580959466,8,8
1580982522,7,7
1580984420,7,7
1580988268,8,8
1580990172,9,9
1581004109,10,10
1581007952,9,9
1581015832,12,12
1581017793,11,11
1581029550,10,10
1581031469,9,9
1581037399,8,8
1581043222,8,8
1581052813,10,10
1581066505,11,11
1581070351,12,12
1581072257,13,13
1581074178,12,12
1581076110,11,11
1581078037,13,13
1581079959,14,14
1581089786,14,14
1581097458,15,15
1581099389,16,16
1581101309,15,15
1581103253,13,13
1581108972,14,14
1581112903,15,15
1581126510,16,16
1581130330,15,15
1581139244,13,13
1581149150,14,14
1581152909,13,13
1581156742,12,12
1581158669,11,11
1581164427,10,10
1581166352,9,9
1581176170,8,8
1581178126,9,9
1581180019,10,10
1581183887,9,9
1581185776,10,10
1581187696,11,11
1581191639,12,12
1581195373,12,12
1581197293,13,13
1581199560,12,12
1581201393,13,13
1581205218,14,14
1581207148,15,15
1581212926,15,15
1581216732,17,17
1581218676,18,18
1581234252,17,17
1581243866,18,18
1581251790,18,18
1581261376,19,19
1581263308,20,20
1581265210,19,19
1581267171,18,18
1581269070,19,19
1581270972,20,20
1581272891,18,18
1581274992,17,17
1581276992,16,16
1581279073,17,17
1581283000,15,15
1581286830,16,16
1581288731,16,16
1581292571,15,15
1581298605,14,14
1581300505,15,15
1581302418,15,15
1581304350,14,14
1581306260,13,13
1581324044,14,14
1581327860,15,15
1581329821,13,13
1581339377,12,12
1581348022,11,11
1581349937,11,11
1581355696,11,11
1581357919,10,10
1581363622,9,9
1581367482,10,10
1581373220,10,10
1581375197,10,10
1581378986,9,9
1581380939,11,11
1581386899,10,10
1581388819,9,9
1581398680,10,10
1581408507,11,11
1581410422,10,10
1581414269,11,11
1581424096,14,14
1581427948,15,15
1581433710,16,16
1581435615,15,15
1581441377,15,15
1581452895,15,15
1581455008,16,16
1581460842,15,15
1581462987,14,14
1581466826,14,14
1581468731,13,13
1581470669,14,14
1581484332,13,13
1581495856,12,12
1581499692,12,12
1581501795,11,11
1581507618,12,12
1581509805,10,10
1581511703,9,9
1581515544,8,8
1581517480,9,9
1581519383,9,9
1581523396,10,10
1581527555,10,10
1581533311,11,11
1581537130,12,12
1581539077,11,11
1581541040,10,10
1581546761,11,11
1581548925,12,12
1581552736,11,11
1581554653,12,12
1581556574,12,12
1581564281,13,13
1581576501,14,14
1581586140,13,13
1581590173,14,14
1581592107,15,15
1581594027,14,14
1581597875,15,15
1581603862,15,15
1581605820,18,18
1581607773,20,20
1581609878,20,20
1581613695,19,19
1581619457,18,18
1581623293,19,19
1581625228,18,18
1581629057,19,19
1581632890,19,19
1581634999,20,20
1581640815,20,20
1581642790,19,19
1581644652,20,20
1581648494,21,21
1581650415,21,21
1581652334,22,22
1581654288,23,23
1581660971,24,24
1581662937,23,23
1581674593,24,24
1581676573,23,23
1581678496,22,22
1581684257,22,22
1581690053,22,22
1581691957,19,19
1581693858,17,17
1581695776,17,17
1581707786,19,19
1581709703,19,19
1581715453,19,19
1581717395,20,20
1581719303,19,19
1581721556,17,17
1581723374,18,18
1581727225,17,17
1581731075,16,16
1581734905,15,15
1581736827,14,14
1581738738,13,13
1581740714,12,12
1581747388,11,11
1581753137,12,12
1581760996,11,11
1581764902,12,12
1581770662,11,11
1581774513,12,12
1581776421,11,11
1581778335,10,10
1581780315,11,11
1581782195,10,10
1581786308,11,11
1581793949,9,9
1581795856,9,9
1581797783,10,10
1581801634,9,9
1581805462,8,8
1581809293,8,8
1581811411,9,9
1581825159,10,10
1581829001,11,11
1581838814,10,10
1581840738,11,11
1581842671,12,12
1581850344,11,11
1581859004,12,12
1581860912,11,11
1581862833,12,12
1581864759,13,13
1581866667,13,13
1581870511,15,15
1581872608,14,14
1581880333,15,15
1581882269,14,14
1581884175,13,13
1581895696,12,12
1581897945,11,11
1581903617,12,12
1581905553,14,14
1581909400,15,15
1581913231,14,14
1581915144,13,13
1581919021,15,15
1581923182,16,16
1581925015,17,17
1581926916,16,16
1581928832,16,16
1581934621,17,17
1581936518,18,18
1581940340,19,19
1581942274,20,20
1581944208,21,21
1581950178,20,20
1581952141,20,20
1581954038,20,20
1581956002,21,21
1581957877,20,20
1581963637,23,23
1581965540,24,24
1581967483,23,23
1581969402,24,24
1581986918,25,25
1581988827,24,24
1581990779,24,24
1581992682,25,25
1581996505,25,25
1582006357,23,23
1582010206,22,22
1582012128,21,21
1582014026,22,22
1582015937,21,21
1582021688,20,20
1582023701,19,19
1582025542,18,18
1582027531,19,19
1582029424,17,17
1582031306,16,16
1582035163,17,17
1582037065,18,18
1582039110,17,17
1582040914,17,17
1582042814,18,18
1582044998,18,18
1582048996,17,17
1582050990,15,15
1582052908,14,14
1582056750,13,13
1582058652,14,14
1582062496,15,15
1582066396,17,17
1582074351,17,17
1582078117,14,14
1582083864,14,14
1582101400,13,13
1582109067,14,14
1582112914,13,13
1582118675,14,14
1582122542,13,13
1582126577,12,12
1582128510,10,10
1582130414,12,12
1582134268,13,13
1582136176,14,14
1582138094,15,15
1582140044,16,16
1582145787,15,15
1582149715,14,14
1582151580,14,14
1582153546,13,13
1582155404,14,14
1582159220,13,13
1582161153,14,14
1582164993,16,16
1582170809,15,15
1582176494,16,16
1582194050,15,15
1582199795,16,16
1582205795,16,16
1582207714,17,17
1582209615,16,16
1582211541,17,17
1582213468,18,18
1582215399,18,18
1582217305,16,16
1582219232,17,17
1582221138,17,17
1582223090,16,16
1582224988,16,16
1582226936,15,15
1582234825,17,17
1582236783,18,18
1582238681,18,18
1582242515,18,18
1582248274,19,19
1582252093,17,17
1582260044,18,18
1582261955,17,17
1582275375,18,18
1582283305,19,19
1582287163,18,18
1582291074,19,19
1582292932,17,17
1582298673,15,15
1582300572,14,14
1582302515,15,15
1582304635,14,14
1582308523,14,14
1582312359,13,13
1582314259,14,14
1582318126,15,15
1582320990,13,13
1582322924,12,12
1582324841,11,11
1582328657,10,10
1582334416,9,9
1582342096,11,11
1582346216,10,10
1582361553,9,9
1582369504,8,8
1582373312,9,9
1582379072,8,8
1582384825,10,10
1582390586,9,9
1582392495,10,10
1582395381,10,10
1582397296,11,11
1582401136,10,10
1582403054,9,9
1582404988,10,10
1582428496,8,8
1582438354,9,9
1582444136,10,10
1582447944,11,11
1582451772,12,12
